{
  "dataset": "Full MIMIC-IV",
  "n_patients": 2050,
  "n_treatments": 10,
  "pace_rag": {
    "f1": 0.4722,
    "source": "PACE-RAG paper"
  },
  "basic_rag": {
    "f1": 0.3324,
    "source": "Previous experiments"
  },
  "h1": {
    "f1": 0.6262626262626263,
    "precision": 0.4603960396039604,
    "recall": 0.9789473684210527,
    "mse": 