{
  "dataset": "MIMIC-IV",
  "n_patients": 489,
  "n_treatments": 5,
  "h1": {
    "mse": 0.05111174285411835,
    "mae": 0.18268579244613647
  },
  "baseline": {
    "mse": 0.08952128887176514,
    "mae": 0.24229297041893005
  },
  "improvement": {
    "mse": 42.905487060546875,
    "mae": 24.601282119750977
  },
  "timestamp": "2026-04-14T09:11:55.602813"
}