{
  "dataset": "MIMIC-III",
  "n_patients": 1917,
  "n_treatments": 10,
  "rpnet_reported": {
    "accuracy": 0.892,
    "recall": 0.876,
    "ndcg": 0.823
  },
  "h1_simplified": {
    "mse": 0.04096754267811775,
    "mae": 0.15477637946605682,
    "f1": 0.5666666666666667,
    "auc_roc": 0.4917854422804918,
    "ndcg": 0.5631284715028555,
    "correlation": 0.02696662878745086
  },
  "h1_original": {
    "mse": 0.04474632814526558,
    "mae": 0.1619102954864502,
    "f1": 0.6431095406360424,
    "auc_roc": 0.4606680448264607,
    "ndcg": 0.47697289081691124,
    "correlation": 0.004387075859657263
  },
  "baseline": {
    "mse": 0.08995600789785385,
    "mae": 0.2400311827659607,
    "f1": 0.45454545454545453,
    "auc_roc": 0.47905559786747903,
    "ndcg": 0.4457138700518042,
    "correlation": -0.05385495506142308
  },
  "improvements": {
    "h1_simplified_vs_original_ndcg": 18.062993168937886,
    "h1_simplified_vs_baseline_ndcg": 26.34304412321845
  },
  "timestamp": "2026-04-15T17:36:33.753909"
}