{
  "dataset": "MIMIC-III",
  "n_patients": 1917,
  "n_treatments": 10,
  "data_split": {
    "train": 1533,
    "val": 192,
    "test": 192
  },
  "rpnet_reported": {
    "accuracy": 0.892,
    "recall": 0.876,
    "ndcg": 0.823
  },
  "h1": {
    "mse": 0.04694497585296631,
    "mae": 0.1747245192527771,
    "f1": 0.6363636363636364,
    "auc_roc": 0.5170973062122045,
    "ndcg": 0.5269463087862616,
    "correlation": -0.016473156858087524
  },
  "pico_contrastive_rag": {
    "mse": 0.046422362327575684,
    "mae": 0.1741693764925003,
    "f1": 0.7070707070707071,
    "auc_roc": 0.43749312809235846,
    "ndcg": 0.5267168602585925,
    "correlation": -0.035342202241987315
  },
  "baseline": {
    "mse": 0.07480993866920471,
    "mae": 0.22595924139022827,
    "f1": 0.5756097560975609,
    "auc_roc": 0.5707531610775152,
    "ndcg": 0.5737216744776968,
    "correlation": 0.07368783279127819
  },
  "improvements": {
    "h1_vs_baseline_mse": 37.247676849365234,
    "pico_vs_baseline_mse": 37.94626235961914
  },
  "timestamp": "2026-04-15T16:52:09.742208"
}