{
  "dataset": "MIMIC-IV",
  "n_patients": 489,
  "n_treatments": 8,
  "pico_contrastive_rag": {
    "mse": 0.04772651568055153,
    "mae": 0.1648065596818924
  },
  "h1": {
    "mse": 0.03706743195652962,
    "mae": 0.1518983095884323
  },
  "baseline": {
    "mse": 0.06798990815877914,
    "mae": 0.20886719226837158
  },
  "improvements": {
    "pico_vs_baseline": 29.803529739379883,
    "h1_vs_baseline": 45.480979919433594,
    "pico_vs_h1": -28.75592803955078
  },
  "timestamp": "2026-04-14T12:39:11.220393"
}